{"cameraMode":{"drawMode":0,"name":"Shaded","section":"Shading Mode"},"sceneLighting":false,"audioPlay":false,"sceneViewState":{"m_AlwaysRefresh":false,"showFog":true,"showSkybox":false,"showFlares":true,"showImageEffects":true,"showParticleSystems":true,"showVisualEffectGraphs":true,"m_FxEnabled":true},"in2DMode":false,"pivot":{"x":0.07146444171667099,"y":0.9559370279312134,"z":9.640000343322754},"rotation":{"x":-0.17636193335056306,"y":-0.17845483124256135,"z":0.03252730146050453,"w":-0.967479944229126},"size":0.7587889432907105,"orthographic":false}