{"cameraMode":{"drawMode":0,"name":"Shaded","section":"Shading Mode"},"sceneLighting":false,"audioPlay":false,"sceneViewState":{"m_AlwaysRefresh":false,"showFog":true,"showSkybox":false,"showFlares":true,"showImageEffects":true,"showParticleSystems":true,"showVisualEffectGraphs":true,"m_FxEnabled":true},"in2DMode":false,"pivot":{"x":0.7722721099853516,"y":0.2666613757610321,"z":0.959592342376709},"rotation":{"x":0.04539041966199875,"y":0.9436091780662537,"z":-0.14580856263637544,"w":0.2937565743923187},"size":1.7647989988327027,"orthographic":false}