{"cameraMode":{"drawMode":0,"name":"Shaded","section":"Shading Mode"},"sceneLighting":false,"audioPlay":false,"sceneViewState":{"m_AlwaysRefresh":false,"showFog":true,"showSkybox":false,"showFlares":true,"showImageEffects":true,"showParticleSystems":true,"showVisualEffectGraphs":true,"m_FxEnabled":true},"in2DMode":false,"pivot":{"x":10.687836647033692,"y":20.179452896118165,"z":13.571632385253907},"rotation":{"x":0.004945599474012852,"y":0.9555543065071106,"z":-0.2943417727947235,"w":0.016055619344115258},"size":9.368075370788575,"orthographic":false}