{"cameraMode":{"drawMode":0,"name":"Shaded","section":"Shading Mode"},"sceneLighting":false,"audioPlay":false,"sceneViewState":{"m_AlwaysRefresh":false,"showFog":true,"showSkybox":false,"showFlares":true,"showImageEffects":true,"showParticleSystems":true,"showVisualEffectGraphs":true,"m_FxEnabled":true},"in2DMode":false,"pivot":{"x":2.0699522495269777,"y":13.750875473022461,"z":11.858829498291016},"rotation":{"x":-0.09970518946647644,"y":0.883211076259613,"z":-0.40271973609924319,"w":-0.21866483986377717},"size":17.045373916625978,"orthographic":false}